#PDB,Position,WT_AA,Mut_AA,DDG
1DQJ,[161],['D'],['A'],2.4425968115672276
1DQJ,[227],['W'],['A'],2.3221149576174867
1DQJ,[162],['Y'],['A'],-0.04368087237463669
1DQJ,[179],['Y'],['A'],0.5682231846760715
1DQJ,[182],['Y'],['A'],2.798449463785164
1DQJ,[370],['N'],['A'],-1.0318263581630163
1DQJ,[371],['N'],['A'],3.4925631974547513
1DQJ,[430],['S'],['A'],0.1017224502161298
1DQJ,[389],['Y'],['A'],3.469389291111156
1DQJ,[435],['Y'],['A'],-1.271772699253006
1MHP,"[249, 431]","['K', 'S']","['E', 'Q']",-0.33040134458178727
1MHP,"[249, 431, 455]","['K', 'S', 'N']","['E', 'Q', 'Y']",-0.40158600946097067
1MHP,"[245, 249]","['L', 'K']","['D', 'E']",-0.48876952619684744
1MHP,"[245, 249]","['L', 'K']","['D', 'Q']",-0.36032839492636415
1MHP,"[220, 287]","['S', 'G']","['A', 'S']",-1.630500463303349
1MHP,"[220, 287]","['S', 'G']","['V', 'S']",0.4998818055698962
1MHP,"[218, 238]","['T', 'G']","['E', 'Q']",8.215428519770786
1MHP,"[218, 237, 238, 239]","['T', 'S', 'G', 'G']","['I', 'T', 'N', 'N']",-7.19324871857882
1MHP,"[218, 237, 238, 239]","['T', 'S', 'G', 'G']","['I', 'T', 'Q', 'F']",2.052083760336336
1MHP,"[235, 287]","['T', 'G']","['V', 'S']",2.778793086771566
1MHP,"[235, 249]","['T', 'K']","['V', 'E']",-0.422347351916585
1MHP,"[235, 249, 431, 455]","['T', 'K', 'S', 'N']","['V', 'E', 'Q', 'E']",2.718791840521851
1MHP,"[235, 249, 431, 455]","['T', 'K', 'S', 'N']","['V', 'E', 'Q', 'Y']",-0.8460853958601092
1MHP,"[235, 220]","['T', 'S']","['V', 'A']",-0.005851296435878339
1MHP,"[235, 220]","['T', 'S']","['V', 'V']",2.977544467778921
1MHP,"[235, 431]","['T', 'S']","['V', 'Q']",0.41311240382398184
1MHP,"[235, 431, 455]","['T', 'S', 'N']","['V', 'Q', 'Y']",6.87126307592373
1MHP,"[433, 494]","['N', 'S']","['Y', 'I']",0.5376590161211994
1MHP,"[493, 436]","['W', 'F']","['Q', 'Y']",2.7474079845897337
1MHP,[284],['F'],['W'],1.33932383951651
1MHP,[284],['F'],['Y'],-98.76410026666214
1MHP,[285],['G'],['F'],269.0593054891804
1MHP,[285],['G'],['L'],-6.683405985604918
1MHP,[285],['G'],['M'],-3.9653336990628985
1MHP,[285],['G'],['S'],2.6772225219501706
1MHP,[238],['G'],['A'],-3.4115407172017624
1MHP,[238],['G'],['N'],-3.260718344175723
1MHP,[238],['G'],['S'],-1.2602845081441956
1MHP,[239],['G'],['I'],-8.413424874179896
1MHP,[239],['G'],['T'],-7.674199891779006
1MHP,[239],['G'],['Y'],1.0447999788244033
1MHP,[249],['K'],['D'],-0.039196727703711076
1MHP,[249],['K'],['E'],0.05753054546221392
1MHP,[249],['K'],['N'],0.07555760810350876
1MHP,[249],['K'],['Q'],0.12970413005132286
1MHP,[245],['L'],['D'],-0.05905176082183061
1MHP,[216],['R'],['Q'],-289.81453973514493
1MHP,[220],['S'],['A'],0.04920413225825086
1MHP,[220],['S'],['Q'],-0.646173092672359
1MHP,[237],['S'],['M'],5.673577006248285
1MHP,[218],['T'],['N'],0.9249743560876595
1MHP,[218],['T'],['V'],-4.512284256150281
1MHP,[235],['T'],['V'],-0.6083078474473382
1MHP,[243],['Y'],['E'],5.592031041612154
1MHP,[243],['Y'],['Q'],4.271688058263328
1MHP,[243],['Y'],['W'],-0.11640083661254721
1MHP,[244],['Y'],['E'],0.29947236807674926
1MHP,[495],['G'],['Q'],8.853526464374227
1MHP,[495],['G'],['S'],6.536726616769329
1MHP,[434],['H'],['K'],1.463157171383898
